{"main":{"language":"en","lastHostname":"192.168.2.45","darkTheme":false,"useBinaryPrefix":true,"disableAutoComplete":false,"settingsStorageLocal":false,"settingsSaveDelay":2000,"cacheStorageLocal":true,"cacheSaveDelay":4000,"notifications":{"errorsPersistent":true,"timeout":5000},"webcam":{"url":"","updateInterval":5000,"useFix":false,"embedded":false,"rotation":0,"flip":"none"}},"machine":{"ajaxRetries":2,"updateInterval":250,"extendedUpdateEvery":20,"fileTransferRetryThreshold":358400,"crcUploads":true,"pingInterval":2000,"babystepAmount":0.05,"codes":["M0","M1","M84","G91","G1 H1 X+10","G1 H1 Y+10","G1 H1 Z+5","G90","G1 H1 X+50","G1 H1 X50","G1 H1 Z+50","M503","M303 H1 S215","M119","M104 S215","M104 S0","M106 P0 S1","M106 P1 S1","M106 P1 S0","M106 S0","M106 S1","M106 S255","M107","M106 P0 S255","M106 P1 S255","M106 P0 S0","G1 Z5","G1 X50 Z215 F1200","G1 X0 Y0 F6000","G1 X50 Y0 F1000","G1 X127.5 Y105 F6000","G92 Z0","G30 S-1","G28","G1 E100 F1000","M83","M104 S60","M109 S215","G1 E10","G1 E100","G1 E+5","G1 E+100","G1 E+100 F100","M104 S50","M107 P2","M106 P2 S0","G32"],"displayedExtraTemperatures":[],"displayedExtruders":[1,0],"displayedFans":[0,-1],"moveSteps":{"X":[100,50,10,1,0.1],"Y":[100,50,10,1,0.1],"Z":[50,25,5,0.5,0.05],"default":[100,50,10,1,0.1]},"moveFeedrate":6000,"extruderAmounts":[100,50,20,10,5,1],"extruderFeedrates":[60,30,15,5,1],"temperatures":{"tool":{"active":[250,235,220,205,195,160,120,100,0],"standby":[210,180,160,140,0]},"bed":{"active":[110,100,90,70,65,60,0],"standby":[40,30,0]},"chamber":[90,80,70,60,50,40,0]},"spindleRPM":[10000,75000,5000,2500,1000,0]}}